{
   "dataSetSLIManifest" : {
      "parts" : [
         {
            "columnName" : "eventhourofday",
            "populates" : [
               "label.eventhourofday.eventhourofday"
            ],
            "mode" : "FULL",
            "referenceKey" : 1
         },
         {
            "columnName" : "eventhourofdaysort",
            "populates" : [
               "label.eventhourofday.eventhourofday.hourofeventsort"
            ],
            "mode" : "FULL"
         },
         {
            "columnName" : "eventhourofday12",
            "populates" : [
               "label.eventhourofday.eventhourofday.hourofevent12h"
            ],
            "mode" : "FULL"
         }
      ],
      "file" : "eventhourofday.csv",
      "dataSet" : "dataset.eventhourofday"
   }
}