{
	"dataSetSLIManifest": {
		"parts": [{
			"columnName": "label.zendesktickets.assignedathour",
			"mode": "FULL",
			"populates": ["label.zendesktickets.assignedathour"],
			"referenceKey": "1"
		},
		{
			"columnName": "label.zendesktickets.assignee",
			"mode": "FULL",
			"populates": ["label.zendesktickets.assignee"],
			"referenceKey": "1"
		},
		{
			"columnName": "label.zendesktickets.assignee.ticketassigneename",
			"mode": "FULL",
			"populates": ["label.zendesktickets.assignee.ticketassigneename"]
		},
		{
			"columnName": "label.zendesktickets.assignee.ticketassigneeurl",
			"mode": "FULL",
			"populates": ["label.zendesktickets.assignee.ticketassigneeurl"]
		},
		{
			"columnName": "label.zendesktickets.assigneeupdatedhour",
			"mode": "FULL",
			"populates": ["label.zendesktickets.assigneeupdatedhour"],
			"referenceKey": "1"
		},
		{
			"columnName": "label.zendesktickets.browser",
			"mode": "FULL",
			"populates": ["label.zendesktickets.browser"],
			"referenceKey": "1"
		},
		{
			"columnName": "label.zendesktickets.cloudengagement",
			"mode": "FULL",
			"populates": ["label.zendesktickets.cloudengagement"],
			"referenceKey": "1"
		},
		{
			"columnName": "label.zendesktickets.createdathour",
			"mode": "FULL",
			"populates": ["label.zendesktickets.createdathour"],
			"referenceKey": "1"
		},
		{
			"columnName": "label.zendesktickets.duedatehour",
			"mode": "FULL",
			"populates": ["label.zendesktickets.duedatehour"],
			"referenceKey": "1"
		},
		{
			"columnName": "label.zendesktickets.equipment",
			"mode": "FULL",
			"populates": ["label.zendesktickets.equipment"],
			"referenceKey": "1"
		},
		{
			"columnName": "label.zendesktickets.filetype",
			"mode": "FULL",
			"populates": ["label.zendesktickets.filetype"],
			"referenceKey": "1"
		},
		{
			"columnName": "label.zendesktickets.firstname",
			"mode": "FULL",
			"populates": ["label.zendesktickets.firstname"],
			"referenceKey": "1"
		},
		{
			"columnName": "label.zendesktickets.group",
			"mode": "FULL",
			"populates": ["label.zendesktickets.group"],
			"referenceKey": "1"
		},
		{
			"columnName": "label.zendesktickets.group.ticketgroupname",
			"mode": "FULL",
			"populates": ["label.zendesktickets.group.ticketgroupname"]
		},
		{
			"columnName": "label.zendesktickets.initiallyassignedathour",
			"mode": "FULL",
			"populates": ["label.zendesktickets.initiallyassignedathour"],
			"referenceKey": "1"
		},
		{
			"columnName": "label.zendesktickets.lastname",
			"mode": "FULL",
			"populates": ["label.zendesktickets.lastname"],
			"referenceKey": "1"
		},
		{
			"columnName": "label.zendesktickets.lengthofvideominutes",
			"mode": "FULL",
			"populates": ["label.zendesktickets.lengthofvideominutes"],
			"referenceKey": "1"
		},
		{
			"columnName": "label.zendesktickets.outcome",
			"mode": "FULL",
			"populates": ["label.zendesktickets.outcome"],
			"referenceKey": "1"
		},
		{
			"columnName": "label.zendesktickets.priority",
			"mode": "FULL",
			"populates": ["label.zendesktickets.priority"],
			"referenceKey": "1"
		},
		{
			"columnName": "label.zendesktickets.priority.ticketprioritysort",
			"mode": "FULL",
			"populates": ["label.zendesktickets.priority.ticketprioritysort"]
		},
		{
			"columnName": "label.zendesktickets.productversion",
			"mode": "FULL",
			"populates": ["label.zendesktickets.productversion"],
			"referenceKey": "1"
		},
		{
			"columnName": "label.zendesktickets.requesterdomain",
			"mode": "FULL",
			"populates": ["label.zendesktickets.requesterdomain"],
			"referenceKey": "1"
		},
		{
			"columnName": "label.zendesktickets.requesterupdatedhour",
			"mode": "FULL",
			"populates": ["label.zendesktickets.requesterupdatedhour"],
			"referenceKey": "1"
		},
		{
			"columnName": "label.zendesktickets.satisfactionscore",
			"mode": "FULL",
			"populates": ["label.zendesktickets.satisfactionscore"],
			"referenceKey": "1"
		},
		{
			"columnName": "label.zendesktickets.solvedathour",
			"mode": "FULL",
			"populates": ["label.zendesktickets.solvedathour"],
			"referenceKey": "1"
		},
		{
			"columnName": "label.zendesktickets.status",
			"mode": "FULL",
			"populates": ["label.zendesktickets.status"],
			"referenceKey": "1"
		},
		{
			"columnName": "label.zendesktickets.status.ticketstatussort",
			"mode": "FULL",
			"populates": ["label.zendesktickets.status.ticketstatussort"]
		},
		{
			"columnName": "label.zendesktickets.subject",
			"mode": "FULL",
			"populates": ["label.zendesktickets.subject"],
			"referenceKey": "1"
		},
		{
			"columnName": "label.zendesktickets.submitter",
			"mode": "FULL",
			"populates": ["label.zendesktickets.submitter"],
			"referenceKey": "1"
		},
		{
			"columnName": "label.zendesktickets.submitter.ticketsubmittername",
			"mode": "FULL",
			"populates": ["label.zendesktickets.submitter.ticketsubmittername"]
		},
		{
			"columnName": "label.zendesktickets.submitter.ticketsubmitterurl",
			"mode": "FULL",
			"populates": ["label.zendesktickets.submitter.ticketsubmitterurl"]
		},
		{
			"columnName": "label.zendesktickets.supportchannel",
			"mode": "FULL",
			"populates": ["label.zendesktickets.supportchannel"],
			"referenceKey": "1"
		},
		{
			"columnName": "label.zendesktickets.testingtagging",
			"mode": "FULL",
			"populates": ["label.zendesktickets.testingtagging"],
			"referenceKey": "1"
		},
		{
			"columnName": "label.zendesktickets.ticketbrand",
			"mode": "FULL",
			"populates": ["label.zendesktickets.ticketbrand"],
			"referenceKey": "1"
		},
		{
			"columnName": "label.zendesktickets.ticketbrand.ticketbrandname",
			"mode": "FULL",
			"populates": ["label.zendesktickets.ticketbrand.ticketbrandname"]
		},
		{
			"columnName": "label.zendesktickets.ticketbrand.ticketbrandurl",
			"mode": "FULL",
			"populates": ["label.zendesktickets.ticketbrand.ticketbrandurl"]
		},
		{
			"columnName": "label.zendesktickets.ticketexternalid",
			"mode": "FULL",
			"populates": ["label.zendesktickets.ticketexternalid"],
			"referenceKey": "1"
		},
		{
			"columnName": "label.zendesktickets.ticketform",
			"mode": "FULL",
			"populates": ["label.zendesktickets.ticketform"],
			"referenceKey": "1"
		},
		{
			"columnName": "label.zendesktickets.ticketform.ticketformname",
			"mode": "FULL",
			"populates": ["label.zendesktickets.ticketform.ticketformname"]
		},
		{
			"columnName": "label.zendesktickets.ticketform.ticketformurl",
			"mode": "FULL",
			"populates": ["label.zendesktickets.ticketform.ticketformurl"]
		},
		{
			"columnName": "label.zendesktickets.ticketid",
			"mode": "FULL",
			"populates": ["label.zendesktickets.ticketid"],
			"referenceKey": "1"
		},
		{
			"columnName": "label.zendesktickets.ticketid.urlonticketid",
			"mode": "FULL",
			"populates": ["label.zendesktickets.ticketid.urlonticketid"]
		},
		{
			"columnName": "label.zendesktickets.ticketinboundsharingagreement",
			"mode": "FULL",
			"populates": ["label.zendesktickets.ticketinboundsharingagreement"],
			"referenceKey": "1"
		},
		{
			"columnName": "label.zendesktickets.ticketorganization",
			"mode": "FULL",
			"populates": ["label.zendesktickets.ticketorganization"],
			"referenceKey": "1"
		},
		{
			"columnName": "label.zendesktickets.ticketorganization.ticketorganizationname",
			"mode": "FULL",
			"populates": ["label.zendesktickets.ticketorganization.ticketorganizationname"]
		},
		{
			"columnName": "label.zendesktickets.ticketorganization.ticketorganizationurl",
			"mode": "FULL",
			"populates": ["label.zendesktickets.ticketorganization.ticketorganizationurl"]
		},
		{
			"columnName": "label.zendesktickets.ticketoutboundsharingagreement",
			"mode": "FULL",
			"populates": ["label.zendesktickets.ticketoutboundsharingagreement"],
			"referenceKey": "1"
		},
		{
			"columnName": "label.zendesktickets.ticketproblem",
			"mode": "FULL",
			"populates": ["label.zendesktickets.ticketproblem"],
			"referenceKey": "1"
		},
		{
			"columnName": "label.zendesktickets.ticketproblem.ticketproblemurl",
			"mode": "FULL",
			"populates": ["label.zendesktickets.ticketproblem.ticketproblemurl"]
		},
		{
			"columnName": "label.zendesktickets.tickettype",
			"mode": "FULL",
			"populates": ["label.zendesktickets.tickettype"],
			"referenceKey": "1"
		},
		{
			"columnName": "label.zendesktickets.tickettype.tickettypesort",
			"mode": "FULL",
			"populates": ["label.zendesktickets.tickettype.tickettypesort"]
		},
		{
			"columnName": "label.zendesktickets.updatedathour",
			"mode": "FULL",
			"populates": ["label.zendesktickets.updatedathour"],
			"referenceKey": "1"
		},
		{
			"columnName": "label.zendesktickets.via",
			"mode": "FULL",
			"populates": ["label.zendesktickets.via"],
			"referenceKey": "1"
		},
		{
			"columnName": "label.zendesktickets.whatiscustomertryingtodo",
			"mode": "FULL",
			"populates": ["label.zendesktickets.whatiscustomertryingtodo"],
			"referenceKey": "1"
		},
		{
			"columnName": "fact.zendesktickets.agentwaittimeinminutes",
			"mode": "FULL",
			"populates": ["fact.zendesktickets.agentwaittimeinminutes"]
		},
		{
			"columnName": "fact.zendesktickets.agentwaittimeinminuteswith",
			"mode": "FULL",
			"populates": ["fact.zendesktickets.agentwaittimeinminuteswith"]
		},
		{
			"columnName": "fact.zendesktickets.assigned_hour",
			"mode": "FULL",
			"populates": ["fact.zendesktickets.assigned_hour"]
		},
		{
			"columnName": "fact.zendesktickets.assigneeid",
			"mode": "FULL",
			"populates": ["fact.zendesktickets.assigneeid"]
		},
		{
			"columnName": "fact.zendesktickets.assigneestations",
			"mode": "FULL",
			"populates": ["fact.zendesktickets.assigneestations"]
		},
		{
			"columnName": "fact.zendesktickets.assigneeupdatedhour",
			"mode": "FULL",
			"populates": ["fact.zendesktickets.assigneeupdatedhour"]
		},
		{
			"columnName": "fact.zendesktickets.firstreplytimeinminutes",
			"mode": "FULL",
			"populates": ["fact.zendesktickets.firstreplytimeinminutes"]
		},
		{
			"columnName": "fact.zendesktickets.firstreplytimeinminuteswit",
			"mode": "FULL",
			"populates": ["fact.zendesktickets.firstreplytimeinminuteswit"]
		},
		{
			"columnName": "fact.zendesktickets.firstresolutiontimeinminut",
			"mode": "FULL",
			"populates": ["fact.zendesktickets.firstresolutiontimeinminut"]
		},
		{
			"columnName": "fact.zendesktickets.firstresolutiontimeinminut1",
			"mode": "FULL",
			"populates": ["fact.zendesktickets.firstresolutiontimeinminut1"]
		},
		{
			"columnName": "fact.zendesktickets.fullresolutiontimeinminute",
			"mode": "FULL",
			"populates": ["fact.zendesktickets.fullresolutiontimeinminute"]
		},
		{
			"columnName": "fact.zendesktickets.fullresolutiontimeinminute1",
			"mode": "FULL",
			"populates": ["fact.zendesktickets.fullresolutiontimeinminute1"]
		},
		{
			"columnName": "fact.zendesktickets.groupstations",
			"mode": "FULL",
			"populates": ["fact.zendesktickets.groupstations"]
		},
		{
			"columnName": "fact.zendesktickets.initially_assigned_hour",
			"mode": "FULL",
			"populates": ["fact.zendesktickets.initially_assigned_hour"]
		},
		{
			"columnName": "fact.zendesktickets.onholdtimeinminutes",
			"mode": "FULL",
			"populates": ["fact.zendesktickets.onholdtimeinminutes"]
		},
		{
			"columnName": "fact.zendesktickets.ticketonholdinminutes",
			"mode": "FULL",
			"populates": ["fact.zendesktickets.ticketonholdinminutes"]
		},
		{
			"columnName": "fact.zendesktickets.onholdtimeinminuteswithinbusinesshours",
			"mode": "FULL",
			"populates": ["fact.zendesktickets.onholdtimeinminuteswithinbusinesshours"]
		},
		{
			"columnName": "fact.zendesktickets.ticketonholdinminuteswithinbusinesshours",
			"mode": "FULL",
			"populates": ["fact.zendesktickets.ticketonholdinminuteswithinbusinesshours"]
		},
		{
			"columnName": "fact.zendesktickets.requesterupdatedhour",
			"mode": "FULL",
			"populates": ["fact.zendesktickets.requesterupdatedhour"]
		},
		{
			"columnName": "fact.zendesktickets.requesterwaittimeinminutes",
			"mode": "FULL",
			"populates": ["fact.zendesktickets.requesterwaittimeinminutes"]
		},
		{
			"columnName": "fact.zendesktickets.requesterwaittimeinminutes1",
			"mode": "FULL",
			"populates": ["fact.zendesktickets.requesterwaittimeinminutes1"]
		},
		{
			"columnName": "fact.zendesktickets.resolutiontime",
			"mode": "FULL",
			"populates": ["fact.zendesktickets.resolutiontime"]
		},
		{
			"columnName": "fact.zendesktickets.submitterid",
			"mode": "FULL",
			"populates": ["fact.zendesktickets.submitterid"]
		},
		{
			"columnName": "fact.zendesktickets.created_hour",
			"mode": "FULL",
			"populates": ["fact.zendesktickets.created_hour"]
		},
		{
			"columnName": "fact.zendesktickets.due_hour",
			"mode": "FULL",
			"populates": ["fact.zendesktickets.due_hour"]
		},
		{
			"columnName": "fact.zendesktickets.reopens",
			"mode": "FULL",
			"populates": ["fact.zendesktickets.reopens"]
		},
		{
			"columnName": "fact.zendesktickets.replies",
			"mode": "FULL",
			"populates": ["fact.zendesktickets.replies"]
		},
		{
			"columnName": "fact.zendesktickets.solved_hour",
			"mode": "FULL",
			"populates": ["fact.zendesktickets.solved_hour"]
		},
		{
			"columnName": "fact.zendesktickets.updated_hour",
			"mode": "FULL",
			"populates": ["fact.zendesktickets.updated_hour"]
		},
		{
			"columnName": "assigned.date.yyyymmdd",
			"mode": "FULL",
			"populates": ["assigned.date.yyyymmdd"],
			"referenceKey": "1",
			"constraints": {
				"date": "yyyy-MM-dd"
			}
		},
		{
			"columnName": "dt.zendesktickets.assignedat",
			"mode": "FULL",
			"populates": ["dt.zendesktickets.assignedat"]
		},
		{
			"columnName": "assigneeupdatedticket.date.yyyymmdd",
			"mode": "FULL",
			"populates": ["assigneeupdatedticket.date.yyyymmdd"],
			"referenceKey": "1",
			"constraints": {
				"date": "yyyy-MM-dd"
			}
		},
		{
			"columnName": "dt.zendesktickets.assigneeupdated",
			"mode": "FULL",
			"populates": ["dt.zendesktickets.assigneeupdated"]
		},
		{
			"columnName": "created.date.yyyymmdd",
			"mode": "FULL",
			"populates": ["created.date.yyyymmdd"],
			"referenceKey": "1",
			"constraints": {
				"date": "yyyy-MM-dd"
			}
		},
		{
			"columnName": "dt.zendesktickets.createdat",
			"mode": "FULL",
			"populates": ["dt.zendesktickets.createdat"]
		},
		{
			"columnName": "due.date.yyyymmdd",
			"mode": "FULL",
			"populates": ["due.date.yyyymmdd"],
			"referenceKey": "1",
			"constraints": {
				"date": "yyyy-MM-dd"
			}
		},
		{
			"columnName": "dt.zendesktickets.duedate",
			"mode": "FULL",
			"populates": ["dt.zendesktickets.duedate"]
		},
		{
			"columnName": "initiallyassigned.date.yyyymmdd",
			"mode": "FULL",
			"populates": ["initiallyassigned.date.yyyymmdd"],
			"referenceKey": "1",
			"constraints": {
				"date": "yyyy-MM-dd"
			}
		},
		{
			"columnName": "dt.zendesktickets.initiallyassignedat",
			"mode": "FULL",
			"populates": ["dt.zendesktickets.initiallyassignedat"]
		},
		{
			"columnName": "lastupdated.date.yyyymmdd",
			"mode": "FULL",
			"populates": ["lastupdated.date.yyyymmdd"],
			"referenceKey": "1",
			"constraints": {
				"date": "yyyy-MM-dd"
			}
		},
		{
			"columnName": "dt.zendesktickets.updatedat",
			"mode": "FULL",
			"populates": ["dt.zendesktickets.updatedat"]
		},
		{
			"columnName": "requesterupdatedticket.date.yyyymmdd",
			"mode": "FULL",
			"populates": ["requesterupdatedticket.date.yyyymmdd"],
			"referenceKey": "1",
			"constraints": {
				"date": "yyyy-MM-dd"
			}
		},
		{
			"columnName": "dt.zendesktickets.requesterupdated",
			"mode": "FULL",
			"populates": ["dt.zendesktickets.requesterupdated"]
		},
		{
			"columnName": "solved.date.yyyymmdd",
			"mode": "FULL",
			"populates": ["solved.date.yyyymmdd"],
			"referenceKey": "1",
			"constraints": {
				"date": "yyyy-MM-dd"
			}
		},
		{
			"columnName": "dt.zendesktickets.solvedat",
			"mode": "FULL",
			"populates": ["dt.zendesktickets.solvedat"]
		},
		{
			"columnName": "label.requester.requester.username",
			"mode": "FULL",
			"populates": ["label.requester.requester.username"],
			"referenceKey": "1"
		}],
		"dataSet": "dataset.zendesktickets",
		"file": "tickets.csv"
	}
}