{
   "dataSetSLIManifest" : {
      "parts" : [
         {
            "columnName" : "timeline_date",
            "populates" : [
               "timeline.date.mmddyyyy"
            ],
            "constraints" : {
               "date" : "yyyy-MM-dd"
            },
            "mode" : "FULL",
            "referenceKey" : 1
         },
         {
            "columnName" : "timeline_label",
            "populates" : [
               "label.timeline.timeline"
            ],
            "mode" : "FULL",
            "referenceKey" : 1
         }
      ],
      "file" : "timeline.csv",
      "dataSet" : "dataset.timeline"
   }
}