{
   "dataSetSLIManifest" : {
      "parts" : [
         {
            "columnName" : "timeline_days",
            "populates" : [
               "dt.timeline.timeline"
            ],
            "mode" : "FULL"
         },
         {
            "columnName" : "timeline_date",
            "populates" : [
               "timeline.date.yyyymmdd"
            ],
            "constraints": {
               "date": "yyyy-MM-dd"
            },
            "mode" : "FULL",
            "referenceKey" : 1
         }
      ],
      "file" : "timeline.csv",
      "dataSet" : "dataset.timeline"
   }
}
